<?xml version="1.0" encoding="UTF-8"?>
<cbinstall version="1.0" type="plugin" group="user">
	<name>CB Package Installer</name>
	<author>Krileon</author>
	<creationDate>2016-07-14</creationDate>
	<copyright>(C) 2004-2017 www.joomlapolis.com / Lightning MultiCom SA - and its licensors, all rights reserved</copyright>
	<license>http://www.gnu.org/licenses/old-licenses/gpl-2.0.html GNU/GPL version 2</license>
	<authorEmail>krileon@joomlapolis.com</authorEmail>
	<authorUrl>http://www.joomlapolis.com/</authorUrl>
	<version>2.0</version>
	<release>5.1.0</release>
	<installfile>install.packageinstaller.php</installfile>
	<files>
		<filename plugin="cbpackageinstaller">cbpackageinstaller.php</filename>
		<filename>admin.packageinstaller.php</filename>
		<filename>cbpackageinstaller.css</filename>
		<filename>install.packageinstaller.php</filename>
		<filename>index.html</filename>
		<foldername>extensions</foldername>
	</files>
	<delete>
		<foldername>extensions</foldername>
	</delete>
	<handler ui="admin" class="cbpackageinstallerAdmin" />
	<actions ui="admin">
		<action name="default" request="" action="" />
	</actions>
</cbinstall>