<?xml version="1.0" encoding="UTF-8"?>
<extension type="component" version="2.5.0" method="upgrade">
	<name>Package Installer</name>
	<creationDate>2016-01-26</creationDate>
	<author>Krileon</author>
	<copyright>(C) 2004-2017 www.joomlapolis.com / Lightning MultiCom SA - and its licensors, all rights reserved2 License</copyright>
	<license>http://www.gnu.org/licenses/old-licenses/gpl-2.0.html GNU/GPL version 2. All copyright statements must be kept and derivative work must prominently duly acknowledge original work on web interface and on website where downloaded.</license>
	<authorEmail>krileon@joomlapolis.com</authorEmail>
	<authorUrl>http://www.joomlapolis.com/</authorUrl>
	<version>5.0.0</version>
	<scriptfile>install.packageinstaller.php</scriptfile>
	<administration>
		<files>
			<filename>packageinstaller.php</filename>
			<filename>admin.packageinstaller.php</filename>
			<filename>packageinstaller.css</filename>
			<filename>index.html</filename>
			<folder>extensions</folder>
		</files>
		<delete>
			<folder>extensions</folder>
		</delete>
	</administration>
</extension>